CLUSTER,count,mean,std,min,25%,50%,75%,max
0.0,56367.0,52.20092412227012,13.469293962787557,0.08,51.0,51.0,58.0,102.0
1.0,8850.0,44.44642824858757,26.483724948128863,0.33,19.0,47.0,67.0,105.0
2.0,428044.0,50.29496577454652,16.9432178179063,0.08,38.0,51.0,63.0,109.0
3.0,315035.0,48.35881873442634,22.577104948850646,0.08,31.0,51.0,66.0,110.0
4.0,20671.0,50.78271926854047,10.477372417478936,0.17,51.0,51.0,51.0,103.0
5.0,52769.0,49.51586158540052,16.267097164061923,0.08,38.0,51.0,60.0,102.0
6.0,30716.0,58.11450872509441,18.27336366326157,0.17,49.0,58.0,72.0,107.0
7.0,42897.0,53.18556052870831,17.761347245390798,0.08,48.0,51.0,66.0,107.0
