CLUSTER,F,M,U,UNKNOWN
0.0,0.5937339223304415,0.2951372256816932,0.1081838664466798,0.002944985541185445
1.0,0.5027118644067796,0.4767231638418079,0.02022598870056497,0.00033898305084745765
2.0,0.7371485174421322,0.24645597181598153,0.016381493491323323,1.4017250563026231e-05
3.0,0.5569603377402511,0.40716428333359783,0.03579602266414843,7.935626200263463e-05
4.0,0.45527550674858497,0.2942770064341348,0.24996371728508537,0.0004837695321948624
5.0,0.7205366787318311,0.25702590536110215,0.02243741590706665,0.0
6.0,0.5650475322307592,0.40324260971480663,0.03170985805443417,0.0
7.0,0.4687740401426673,0.3202554957223116,0.2104342961046227,0.0005361680303983962
