CLUSTER,SERIOUS_RATE,MEAN_AGE,N
0.0,0.09010591303422215,52.20092412227012,56367
1.0,0.06983050847457627,44.44642824858757,8850
2.0,0.13276672491613012,50.29496577454654,428044
3.0,0.32433221705524784,48.358818734426336,315035
4.0,0.1360359924531953,50.78271926854047,20671
5.0,0.12956470655119484,49.51586158540052,52769
6.0,0.35473368928245863,58.11450872509441,30716
7.0,0.022006200899829825,53.18556052870831,42897
