CLUSTER,0,1
0.0,0.9098940869657779,0.09010591303422215
1.0,0.9301694915254237,0.06983050847457627
2.0,0.8672332750838699,0.13276672491613012
3.0,0.6756677829447522,0.32433221705524784
4.0,0.8639640075468047,0.1360359924531953
5.0,0.8704352934488052,0.12956470655119484
6.0,0.6452663107175414,0.35473368928245863
7.0,0.9779937991001701,0.022006200899829825
