CLUSTER,proportion
0.0,0.05900147485369221
1.0,0.009263630359167174
2.0,0.4480498749671586
3.0,0.3297590723390091
4.0,0.02163711900049092
5.0,0.05523531191219125
6.0,0.032151601142619085
7.0,0.044901915425671665
