sample_size,n_pairs,ari_mean,ari_sd,ari_min,ari_max
20000,10,0.40979194969513894,0.1390209766160761,0.2636856697108986,0.712744951715547
50000,10,0.37347544210587824,0.05645116299428088,0.2872224106952561,0.442851450722194
100000,10,0.47423787660635186,0.0733113650427071,0.3797295919360737,0.6205605698781338
