CLUSTER,MANU__JANSSEN,MANU__MODERNA,MANU__NOVAVAX,MANU__PFIZER_BIONTECH,MANU__UNKNOWN_MANUFACTURER
0.0,0.0010821934820018806,0.006493160892011283,0.0002661131513119378,0.9953518902904182,0.08614969751805134
1.0,0.03502824858757062,0.4910734463276836,0.002824858757062147,0.4711864406779661,0.000903954802259887
2.0,0.06691835418788723,0.5712380035697264,0.00078730223995664,0.3601896066759492,0.002287148050200447
3.0,0.06467217928166712,0.42779691145428284,0.000980843398352564,0.508311774882156,0.0038313203294871997
4.0,0.9844226210633255,0.01451308596584587,0.0,0.010255914082531082,0.013497169948236661
5.0,0.0005685156057533779,0.002861528548958669,1.8950520191779263e-05,0.9967215600068222,0.0003221588432602475
6.0,0.05410860789165256,0.42196249511655165,0.0004883448365672614,0.5277705430394583,0.004655554108607892
7.0,0.0037764878662843557,0.9819334685409236,9.324661398232976e-05,0.019675035550271582,0.0018649322796465953
