model,heldout_pr_auc
LogisticRegression,0.8119423739025258
RandomForest,0.7421728047172937
DecisionTree,0.6214492950064072
