FeatureSet,PR-AUC,F1,Precision,Recall
Structured only,0.5522588496932735,0.5341617910159083,0.4335217015932815,0.6956549118387909
Structured + raw TF-IDF,0.8119423739025258,0.7098754001216899,0.6120614935450025,0.8448992443324937
