FeatureSet,PR-AUC,F1,Precision,Recall
Structured only,0.5418540996889358,0.5274457659974479,0.4300304974903107,0.6819223697136092
Structured + raw TF-IDF,0.8026858011339602,0.7032622935105601,0.6092452482007751,0.8315911437999043
