Model,PR-AUC,F1,Precision,Recall,BestParams
Logistic Regression,0.8026858011339602,0.7032622935105601,0.6092452482007751,0.8315911437999043,{'clf__C': 1.0}
Decision Tree,0.646120315893949,0.6049466757431359,0.49722672721375283,0.7722475504395355,"{'clf__max_depth': 10, 'clf__min_samples_split': 10}"
Random Forest,0.7389278589773061,0.6446613687086749,0.5500934413099582,0.7784942444774691,"{'clf__max_depth': 20, 'clf__n_estimators': 100}"
