Model,BestParams,CV_PR_AUC_Mean,CV_PR_AUC_SD,CV_F1_Mean,CV_F1_SD,CV_Precision_Mean,CV_Precision_SD,CV_Recall_Mean,CV_Recall_SD,Test_PR_AUC,Test_F1,Test_Precision,Test_Recall
Logistic Regression,{'clf__C': 1.0},0.8012625949390565,0.0008227617827090872,0.7024887023999383,0.0012067438883260199,0.6089796007388656,0.0028858038383429365,0.8299486791977583,0.0020554766844808926,0.8038277923516393,0.7053818336524144,0.6104565537555229,0.8352644836272041
Decision Tree,"{'clf__max_depth': 10, 'clf__min_samples_split': 10}",0.6321897372534968,0.004463587280056743,0.61301589081307,0.000926636626692562,0.5148239235006281,0.0019752664943593692,0.7575328232738264,0.004696884428376661,0.643501097716205,0.6216230284732706,0.5297666577943394,0.7520151133501259
Random Forest,"{'clf__max_depth': 20, 'clf__n_estimators': 100}",0.7381769804016046,0.0022853900864838062,0.6456449749551519,0.003798299264126286,0.5547295312682692,0.003609494056542981,0.77220490538711,0.004023206535049464,0.7396265726094029,0.6460176991150443,0.5461029923451636,0.7906801007556675
